category,count
iwIvEOtF,1
ugSmWZTf,1
JfUHXrlc,1
JAUwmxPs,1
RJZMccZS,1
pdqtdfYJ,1
evZNcZBv,1
PpGYJGvN,1
TtBbUkNV,1
KxvpeDFe,1
PXjTXeaq,1
RGccFIEz,1
oEwVLCsM,1
mhAPKrGK,1
HpDbzNhS,1
sWpzOqCF,1
svNbOdwb,1
nmCiHprI,1
lbGpMaXo,1
XkXqzcpU,1
VwAeTtgG,1
abDAZGhg,1
APFoXeAN,1
iRqzoujv,1
dyyCmEzA,1
oBkHmAZi,1
dRhVQGFG,1
gKtNzMRH,1
dLNMggJS,1
iJUNTktn,1
FgCRFKQT,1
DMHZiAbr,1
fqAKokGQ,1
NmQlVyDL,1
WFMsMVBN,1
nTijZzFq,1
LlVHNkiN,1
GRqbMIbX,1
LnBEoncp,1
aPByIxRr,1
LGKlPSyD,1
JmOxmxLK,1
DnGzrqFz,1
hIUhliSq,1
hBCGzsas,1
BgaolbLn,1
ItZaYLQU,1
wkzHsBEy,1
iYTaCguO,1
RTOECmsJ,1
tGVXIlrG,1
kkPONEex,1
poggQXvy,1
CBMHeexP,1
KCPOFmIZ,1
QJoTUkws,1
obBSVTdR,1
aHOZsBeA,1
JCQKLsIK,1
ERVCIAzg,1
azJcuPFc,1
YgatCSKJ,1
PblpXOOk,1
OxgqneWW,1
kxNPlJoM,1
irpRfsQy,1
yRizwOBq,1
TqUBWjBr,1
mXtQuzED,1
DFXZGljA,1
DGohinyd,1
LGhsmTfL,1
bsOFPNWv,1
ogCEjWIp,1
bhckkvnu,1
HhdCrssm,1
RzGfymkF,1
OpzXyVlv,1
RmtEkSKv,1
bxLrXsAn,1
vcIQuQMI,1
qRyBfNmP,1
TMLgZQEl,1
vDycuNPR,1
yFugVwYa,1
CxqedkGL,1
NgDheNBS,1
ThTyoGBx,1
IhaaseCd,1
hOpqqQBK,1
EqdCOtLT,1
TxGQdDHM,1
eVCqTwje,1
cpDxzOKd,1
oHVmSngu,1
PHtkLgdD,1
LJTIvyjA,1
ibkFyZQm,1
HSIHxbhO,1
uhWFfpcb,1
pMAgQeDc,1
oOyxdgRH,1
UcWkJMKT,1
EulLUktJ,1
gLLMTJVZ,1
dnCTVQpe,1
OCZwvsPn,1
SrVyyNZm,1
GEravLKu,1
TKJKmJaS,1
RfBeHbac,1
qvWejcmN,1
oWPZXaMs,1
xkgnixJB,1
CeKpyeWQ,1
MFWnKgPV,1
zRanUrPG,1
frLxwTwy,1
ySsTGiYy,1
jjOvTAvC,1
EwcafMGF,1
gjRNDKAk,1
VzmFszas,1
CnprwMAL,1
dCMiDWgk,1
NJIbNsIz,1
xvAkuigW,1
jcYtFLHx,1
KlIXxczb,1
GLcJlZmS,1
qocNNbii,1
aDocensF,1
PyNyNLLF,1
HxiUlpEn,1
HxmFjSln,1
iUxKZVnL,1
ZKeNQEYC,1
unvSlvwd,1
IJZWOZfi,1
UuYLRAqf,1
TctuGZxE,1
FKLshSZS,1
MGkeEaQO,1
EiUhxybD,1
mqTfCCKL,1
RGXYwnGQ,1
hLHTKHLv,1
dAXUBNWi,1
vDzYORIz,1
IzVzTzBx,1
zOjCJDJq,1
QmlvaRTJ,1
ytgsfBUs,1
YyzqBeyV,1
qsphHVGJ,1
rVpnsRyq,1
pPgYGxrB,1
ElCMsPkl,1
qsOwDZYZ,1
GZkQQDhY,1
lnVeqhfp,1
JzCutAkv,1
DhLdyGFE,1
awFRVymF,1
ILsGTeZF,1
MDirZiOD,1
aQDplqCQ,1
yOqqOayZ,1
QQRsAaNp,1
JqJzKXXk,1
pdKXkUJg,1
LxMlyHpK,1
jlBTSizw,1
CwwShPLv,1
YTkbyxqR,1
tkTEPVar,1
DDZZfayT,1
VwiUuwxP,1
wJpXiyyd,1
akmNWSnr,1
YgueSQyX,1
csmQdFiR,1
ShWlEvmq,1
jFKvwbqA,1
xhMMniSI,1
EsuVnXia,1
IpiruTtH,1
OgIXaUcx,1
mpBYSAJY,1
SBHPSFbo,1
zFwBeCPb,1
EEPRmSNq,1
bCaWvkOq,1
HhHhIUdu,1
kkimFIqe,1
BiulVtfY,1
jtHgsYHD,1
lNGAtSwA,1
DiwUJIpQ,1
sVLFfXnK,1
dfxvfaex,1
UOJISfsu,1
fRvxOmlp,1
gZaFSMGf,1
fSzKWima,1
dwXOzZxs,1
hXQNlmDZ,1
OnmZaPrl,1
hKvtHjTf,1
bEzNBzeT,1
ihEBYMFS,1
RIxmvCmk,1
yNMiBmvP,1
hNsDYPdr,1
AiWXOgmy,1
TbOasNrB,1
vuWdSwgs,1
FxUZOXkD,1
fpJXmspL,1
cjwnyPZY,1
PSZVRJfe,1
yQUfzuZY,1
WYmiUmQz,1
EYbmoMLU,1
BkAHaDqM,1
eplNmCch,1
eQnygtRg,1
iZrDhVJS,1
fLIiPKss,1
zQxFKUHO,1
gcfoOwPs,1
teCPxkwu,1
tKMbzNzj,1
zUYUwkQb,1
QoskbkRM,1
Pppvxjim,1
LOKitbnq,1
Xwflabvw,1
HmQgmBrd,1
UmEyQtXl,1
eQPsLcEL,1
JJLZJMjm,1
aTdWQdPv,1
BLKXxxSS,1
SiMZtXeg,1
QgqtqMrA,1
nUvtoasa,1
VEXYDxyZ,1
kiGzICin,1
Pmdbptof,1
dEqyMgsz,1
xxIxzUXK,1
cZhGLXyn,1
IOOgEpwV,1
UUylAUHw,1
CymGkOim,1
boRADFfe,1
RItFargS,1
WyaFLrmO,1
qvXbDtOY,1
CgkvnzbS,1
vTxKoOZE,1
pkwOSGrP,1
WSBekndB,1
KDfSaCvN,1
BNnmhsmp,1
XAcEfhNp,1
QYCXcwnv,1
IBtfdQbY,1
sTEectza,1
olVtfgYd,1
aedAfLGA,1
kycrbDWm,1
lPxoKpYB,1
ivUjrBrp,1
tuYxNcro,1
jiJghzCx,1
QPYtVivp,1
CblaRCxq,1
ITHjqsqu,1
ZhvhFBFn,1
CnCAfnBe,1
TeXIMyhp,1
qfYyamyK,1
WCeRinyK,1
mpowkMNd,1
sWpEDQHH,1
kKGsflHF,1
tygmpXnG,1
CcSXVXAa,1
aRUQBuyH,1
djNbiUrs,1
CuJpAGlx,1
pOkOSVUO,1
SAGezHQN,1
WkHQAAWb,1
FKaSelRh,1
zeXuINPK,1
OGEuwBMy,1
IComOmVh,1
IYTVxSyV,1
VHXZbQMI,1
uadNVAYg,1
QejaXaWn,1
yLQdaDQY,1
hragdZxe,1
PMsBegPk,1
bZEMZxAV,1
YDwRsRlb,1
vKNCRncP,1
FuqaNSyg,1
CYChqxyC,1
khKErqjB,1
IPZrniMm,1
ruPdieFV,1
xzLXRxYW,1
ooMeeScB,1
oHzXehmR,1
MGbzGDkH,1
JJCfDvRb,1
VHazdrPZ,1
zNJVzpcs,1
sexNcVqi,1
ZNhAqDQx,1
xWbHcYkV,1
eIXBbSmw,1
KVOOLUEY,1
twymGsCF,1
xqDQtFox,1
XRGuhYGC,1
fIyncOGA,1
ZFONLgaO,1
rSxmEAEu,1
QscDoFtA,1
DYFApBzG,1
oGrNtwgp,1
mFckJXdi,1
ylJWtkdk,1
kZkJGEPE,1
ZFaGDONk,1
oyzrovOw,1
HHzjmqqJ,1
obsLEvqj,1
XgyQNqAd,1
LulhlazK,1
naVqaeTr,1
FZwDURVD,1
doXaJPJT,1
MOqawCcY,1
EvkmUKWh,1
hTkdVXWM,1
uTjWDVue,1
qDCvEBMH,1
JPgwgKKW,1
NHjRPMSS,1
gBpUsXjs,1
pkXnmVya,1
TscvBXta,1
hRWuYRKq,1
neogKeGc,1
xyCFbIGW,1
tIMAqpua,1
DDkUrHVB,1
ekxtJJQm,1
cdyWhjFu,1
AOfvoIEH,1
PmlmKLgr,1
QMOxfxTj,1
AxYZpXdY,1
IaruxMJw,1
MHZKsYBh,1
vzgfMUyX,1
ejHdDNWj,1
hEhhLYAl,1
rLApXWmU,1
gPuPXUeL,1
RuJzEvWE,1
CxERYbWg,1
tvyoskHc,1
AamWQVZg,1
WwvnHvdv,1
cLSoIgqL,1
vSWSWQuQ,1
szFfnmGu,1
MzYhXwJA,1
FlzJhDKg,1
ngkZneoP,1
lqHtCUch,1
ENiQSekz,1
FTelAAmu,1
qKTNJSLm,1
CkLKgVod,1
iGcKcjKO,1
PBKCkdNg,1
pAFtkpoO,1
sqxleucw,1
mliAXcaa,1
KWgGPgts,1
odMtmjrl,1
HOFyLvjq,1
xtGXKqMY,1
DKOwufrr,1
zUTWpmbs,1
zNOhWgvV,1
hkRCOjQl,1
YFcQjSMK,1
RobXZdBM,1
lxgMwNhZ,1
MYinIUWz,1
nlWjosqN,1
KTKvifUe,1
cHdNWpvE,1
isWkxhQw,1
LupvboNu,1
IDyIjnDZ,1
bWsFwPZn,1
pZcaBIZX,1
OwjxKdKW,1
OljvUxsL,1
UtXsEuBH,1
ZGbyBuyy,1
FWUyXRjK,1
CdhaoJhE,1
QDFoXKDU,1
weskOWWm,1
sPunANPn,1
bUJBvUTA,1
tCGEYOpC,1
SCsWZusD,1
rUFvhkyA,1
XldjXJgw,1
mQnhvrMz,1
msVKrhbH,1
CDKflSyB,1
byMSsmEU,1
QKHmCYFj,1
DSzmgqQe,1
OxYMisib,1
gCMumcRH,1
VPrngbOS,1
YPhKVGpN,1
HCmgOldY,1
XRoQnZrk,1
ywabCrHh,1
CVoTELFO,1
QuCXarjP,1
aAsGDUuE,1
ZnNbBmAp,1
iEjBDDjd,1
LyASwCVD,1
HAlAFzMg,1
mIemaRXs,1
KRteXaYg,1
LZxLOCkM,1
hmbiLyuV,1
yeeUhduE,1
QPyCgpZJ,1
eJrlFGlb,1
NVekQwub,1
kCAGPSLC,1
tvnjUhQW,1
jPyTlfAL,1
BEoOJCeC,1
eQcCvRiC,1
SxuOnRHD,1
UOIxYAOR,1
dLKmrnzi,1
nSdBebPF,1
DWowGFEk,1
qxeXAikc,1
aIfwJLzH,1
PZIrsHZL,1
bkQWunfB,1
mLfbcTVV,1
UpVBMxgq,1
LvUAIoch,1
iWAhRkOA,1
EGxnepkm,1
ZxWtOoaD,1
lFINFyyw,1
QTDuXfdF,1
OQOQWaLJ,1
hedXlIua,1
nNBSfXuJ,1
AdITibop,1
vEkFcADd,1
PJwyfsqm,1
NaTWsZkc,1
UiuNORmt,1
EoPGkkRe,1
NDHXAtYg,1
MetUvsMR,1
necASJLt,1
VBKtVzCZ,1
pMNiFlcw,1
JswrxSqQ,1
qXdzwmUz,1
xnpTfaIQ,1
dcilDhuI,1
dQaZSmCj,1
UmkiKtfH,1
uKXKHFjy,1
UsNHcqRR,1
iQdItnCu,1
FoExhXQV,1
NGmIwhhZ,1
RIbRHFvx,1
WaFoxSip,1
WnMFQoXJ,1
JTBoWJyO,1
XwOZusQF,1
MUVqsypo,1
ZTozEArD,1
VmWEeDiY,1
bIiaCSWV,1
QfsOnjye,1
JdPFeTRN,1
FKdrfWPb,1
FGAgZdSk,1
SjphvUxn,1
DxHbjZOF,1
QBLATLFg,1
DNoUUxew,1
btGXtlVF,1
VHLexnHd,1
tGifxdlr,1
uwhygXKJ,1
XPsNOTWK,1
svyLqwwh,1
AkwgIWWW,1
zouIdiUY,1
IaJbeNxr,1
VZWRrbQS,1
oYAadwtV,1
Vaaceses,1
TGKunKyX,1
TDRtLlXV,1
hpXJZVPG,1
vAkWbWZR,1
oNbDRIMs,1
xriJTGev,1
jTYWNRyi,1
ZGMbPjNL,1
itcspISF,1
qrTiVMtS,1
KVNFLupQ,1
mCWUwVYN,1
MlRbRDPh,1
OLphFHFQ,1
tEuYNULi,1
WBMbYlWr,1
bnRzaBIF,1
lSglTxNe,1
KtwcPNVl,1
FxBhaZMq,1
ogJDqfZU,1
DtjEOFJQ,1
bGrDKddb,1
hlRSsbpD,1
QflfyGSo,1
RpHBNCRH,1
pLFZNGnR,1
xFkmNcfd,1
FomRJdVB,1
kxErINNW,1
vTmPErGF,1
fMMqqaTR,1
hKLLFoKU,1
liKxHUsF,1
gvcGlejG,1
ZWkfPSqk,1
MqHJeylJ,1
dBbwCUKA,1
GEJAVxWV,1
PgQfyXiw,1
glfXjorb,1
lqfEueIe,1
TKAIYjsx,1
gGWwvbUp,1
YSzcVYFi,1
DiDHuEfd,1
MNFNadGL,1
fKZbikWk,1
DjetwjOW,1
JkEaBlSb,1
SELkwneY,1
PCJZKPLO,1
eisKusAY,1
BetTuNDe,1
HIOUGieT,1
CuiShgFm,1
oODalwqT,1
MwpGXVrO,1
GGjDIhcG,1
vuKZlCDI,1
zuFurNNj,1
fjCgMqKh,1
DiFqoBPM,1
SqVpIDXN,1
VuhvfvlV,1
zlCsEWGm,1
PTHxCcsK,1
JvZnrhZL,1
JYqJDlDK,1
uGYShjCC,1
AdezLRtQ,1
wCuRUvyQ,1
FFvBCntJ,1
KvfXEVqc,1
OJtfEmTV,1
qWcdteQf,1
TqqFvPrA,1
vQiYPONg,1
GICTgkSw,1
NUSRFpXp,1
WtRTGXEZ,1
NJgKkeJS,1
oDJXdEUB,1
UKgYzkhH,1
iYOUjHVk,1
Ipjwzwcd,1
NkUdpxXc,1
ymwysTZi,1
UUTXGzAG,1
pGMMRfkR,1
jkQjvafh,1
NSRxSfDU,1
RChXAWYx,1
KJEUfhNq,1
kfhtHxTO,1
iUUNPqMf,1
xpmPxDRb,1
LCcOnBdy,1
GjOdNWla,1
OxHSMVqR,1
oOwBCJJJ,1
nEeVnkmQ,1
CdeysWve,1
WPGyFbXG,1
UoUxDexk,1
tBcYvjtp,1
BsvZIAcc,1
LAhyAtMz,1
LxgsRfED,1
PtomwKAs,1
WSnPbYwx,1
iwzJRpHd,1
BznEcMZd,1
QnxDhMCf,1
KXXzrKwB,1
AXtPzDgX,1
OFXtEpja,1
jHftlMaU,1
QwHmbTiA,1
rdVFpdoE,1
crwpHxsH,1
fvWkuVDD,1
kHZQkbrK,1
RdyKjvlk,1
qJWuJSkf,1
DCyDPMgL,1
gVpyAIRW,1
NzFYIoTZ,1
vwDHgJWb,1
jbVHKEDs,1
XwBgZBQC,1
KkfRZmtD,1
qARSKodC,1
VgXnKcCz,1
SjuLcLLG,1
CfKXdIqY,1
jmjBUuky,1
WliuSjDg,1
bQKSjtNV,1
wFHBcOVD,1
CjrBsfkM,1
CcbpKuQL,1
gQuyxmTy,1
DlDehJuZ,1
jaQuhOgB,1
OvTHXCWw,1
lsoxkbhf,1
rhGumDFI,1
ZWnsnjFu,1
FjnPPeuq,1
OGUcBhOs,1
obLwwXBD,1
ppHZBsax,1
vknahGVN,1
izKtzQzF,1
DeqXGeeA,1
uVSgkJLO,1
eGdQScfH,1
DiWPpCBO,1
kAQgmZpL,1
NijFalll,1
gajftknq,1
gtIjGKrH,1
QnBvJxql,1
OcAcurFg,1
TdYvfbxn,1
tysJOGcp,1
GcMNOsfl,1
lnfIPizm,1
lUZcTfeI,1
YXwhyPNf,1
cByGvOPQ,1
UyZINsmc,1
hiAwYrGO,1
WkDsFsnE,1
SLkDKwMX,1
nCMKjzMH,1
fYBXApZg,1
GakXVtYh,1
iknQgdUT,1
Ymmilxvj,1
DjPLnpkd,1
uXosLcze,1
gTNpPFGo,1
EIVipPWp,1
upzkYGmd,1
hyqLdWmS,1
qeINnyMj,1
OtINXUqv,1
ZipPzfTh,1
bKPOpiJS,1
RpwNuAOo,1
oYDFcwQy,1
FxEsCwpB,1
eWxkYSss,1
PtnFlMRA,1
CNQAYfyt,1
TedlmYWk,1
QkKXBuOV,1
lbqcPzsO,1
rLHrDFPD,1
FTdSMuHf,1
uSVicJyE,1
VqanHKUU,1
KCXrJaTm,1
graeAnWL,1
umSWgaCS,1
LNwvXClv,1
hRvADpbB,1
ELzzllCF,1
zFfsiPfK,1
KivsTTUB,1
TJpvkvEj,1
APGwfhUG,1
FjqGQSjR,1
YGwgVqVJ,1
HcDhDyYo,1
gZySkbca,1
JdeIryWI,1
tSTVfCwJ,1
IGZDGsLM,1
mYALoead,1
ezcoLgTi,1
oVdCGLPk,1
zTGGKMcw,1
hoXQAVFp,1
fLQGOeIo,1
ZqyxGkih,1
ISsWknMe,1
KPqsRMTu,1
dtHOnODV,1
WoTqLqgC,1
lBnpsWBh,1
TDYInzKP,1
EEEuekEi,1
dazfyLNX,1
ygWLHfUO,1
WcKDJOXx,1
ZpECnmqc,1
UiDGbkyZ,1
UYLgEaza,1
ObZVBBAf,1
qCqHaufJ,1
ozVJKkrb,1
zzBMeKET,1
TkcGtCLR,1
jvOfhPkx,1
kJCzuqfp,1
OkElIqVp,1
Nrquwijl,1
iPnDHKtN,1
ANnrIYUM,1
SxSHWrNh,1
ABfjnumY,1
qokmbuIc,1
OOJUmCKr,1
LDQZcrOW,1
pWsRyOhg,1
qIeyiazX,1
ebMJNLBb,1
GaLUckIl,1
jMvXLKFg,1
xnztyDom,1
XszMfiox,1
lYbMqOBY,1
fwGwnHKK,1
jEnazWHa,1
BhBwBVvA,1
IbAkJbyQ,1
jMyeCJGO,1
VLRpVMIL,1
oINhkmAL,1
fseyFuxp,1
asHwDwMs,1
TELqGOmx,1
NPSKwdQR,1
xYasbkuz,1
JmekPEKC,1
vGjNYoPv,1
RRPzoKMU,1
uHlvFoCl,1
ICaovKZG,1
nIADtgUi,1
ecpQHiRw,1
EyEtYVeH,1
zMKByiHG,1
tdKrShnB,1
YKhOVRwq,1
bLxjIFjL,1
nihxNpcW,1
IUlNocMl,1
joiUNSWO,1
IKBBdlOb,1
awqRHWlo,1
zQiLEtzm,1
fzWHtjtf,1
WTNFyYEV,1
WEthdHFg,1
bYKPXPsY,1
aNUgtBaN,1
ZOLZfbnL,1
QLTTSXqQ,1
hbJGVMTG,1
tLtsaGff,1
KXXxngNz,1
npGQkYUr,1
zDNSwcaT,1
DLTTdnuG,1
FLOBeLIM,1
zOEpJbFQ,1
pFHOpbyw,1
jDCpcPUu,1
mYfMKnnI,1
WSeGLJYR,1
bXtuHKUm,1
krtBHLBP,1
RakEAfks,1
SRSjHdxf,1
uglORmQl,1
EhFvkvRi,1
akxSEsXp,1
LKiohcCw,1
UzVgVVMA,1
AsrJWJQl,1
oSiRxGZF,1
TiyXsyML,1
WqTEPZRC,1
bHQznonf,1
AQFDJnBO,1
tjRgJtwD,1
MKCYCGpV,1
FbcPgdMC,1
MNmwKAMU,1
uqAPVUZg,1
jsXMWtte,1
oaPESMyC,1
TGoWZpYR,1
PbULEyyQ,1
aHHXQKOy,1
gLbRvptq,1
qiEOvvcD,1
XnjZGlEt,1
teQTzDcX,1
dQOpmKjy,1
lUPbLGOq,1
xbRyiRNp,1
vLVYiVJF,1
iNMeseVQ,1
xaBHIllJ,1
oNBNiDgp,1
ytHKICJZ,1
KBjCHKgw,1
YITkNLBR,1
iVvRqlvg,1
erFjtYJU,1
kxbwIzok,1
aqyiJXBm,1
rCKSqSSz,1
lbgyDQZE,1
RmCmhQNB,1
PzoClEqp,1
vLlGaQCj,1
dGCtIkft,1
eBtRAHid,1
enBIitdu,1
LQeLVqVT,1
zYIFNtxw,1
jVeYWYKW,1
KpMWsTgg,1
odsxAqDJ,1
wftTZbsG,1
PXdhQCdt,1
ZSXtzLqB,1
shiMheqA,1
TKIeLCNq,1
XsqenxHn,1
NyoKuRCF,1
PqZNmgbq,1
OPqsBbNP,1
lpDZQeAD,1
WzEAhAtT,1
kiGEAkzk,1
yKJeKNCz,1
ItowHfaR,1
CusdoSkO,1
zeBZtiOB,1
pZNrnUbT,1
qNFyswVk,1
IOtvLNwt,1
BQvbvRvW,1
rwOYOjWi,1
SDUdtYSt,1
EOjvdJNA,1
LOHauBhs,1
LBtlfgCi,1
dKNrIDxZ,1
YqIlLrXv,1
DXDZYRmy,1
tlnZqrGF,1
HmMVnvRf,1
